cluster_id,direction_name,level,n_plans,n_students,n_subjects,plans,plans_detail
12,40.03.01 Юриспруденция,Бакалавриат,8,702,93,"[287311, 371975, 466948, 494950, 538908, 545277, 608492, 930981]","287311(сем[3, 4],174ст); 371975(сем[7, 8],133ст); 466948(сем[5, 6],165ст); 494950(сем[5, 6],177ст); 538908(сем[7, 8],168ст); 545277(сем[1, 2],69ст); 608492(сем[3, 4],130ст); 930981(сем[1, 2],141ст)"
3,01.03.02 ПМИ / 02.03.01 МКН,Бакалавриат,22,431,104,"[101170, 106125, 108565, 109595, 109784, 241091, 285808, 286473, 355314, 391130, 399647, 509454, 512237, 545583, 681530, 740926, 798250, 816581, 865743, 922325, 946700, 993033]","101170(сем[1, 2],51ст); 106125(сем[3, 4],33ст); 108565(сем[5, 6],24ст); 109595(сем[7, 8],19ст); 109784(сем[1, 2],29ст); 241091(сем[5, 6],21ст); 285808(сем[1, 2],52ст); 286473(сем[1, 2],30ст); 355314(сем[3, 4],30ст); 391130(сем[3, 4],26ст); 399647(сем[3, 4],23ст); 509454(сем[1, 2],33ст); 512237(сем[5, 6],21ст); 545583(сем[1, 2],61ст); 681530(сем[3, 4],32ст); 740926(сем[5, 6],23ст); 798250(сем[7, 8],22ст); 816581(сем[3, 4],49ст); 865743(сем[7, 8],20ст); 922325(сем[5, 6],20ст); 946700(сем[7, 8],24ст); 993033(сем[5, 6],28ст)"
1,09.03.02 ИСиТ,Бакалавриат,24,412,72,"[107783, 121807, 194036, 197638, 203834, 234310, 240628, 245695, 259056, 333925, 359354, 393774, 408998, 432663, 465976, 505260, 597442, 626488, 649613, 705999, 855809, 886238, 970411, 984844]","107783(сем[1, 2],29ст); 121807(сем[7, 8],10ст); 194036(сем[3, 4],25ст); 197638(сем[5, 6],18ст); 203834(сем[7, 8],21ст); 234310(сем[3, 4],27ст); 240628(сем[3, 4],24ст); 245695(сем[7, 8],16ст); 259056(сем[1, 2],58ст); 333925(сем[3, 4],29ст); 359354(сем[1, 2],28ст); 393774(сем[7, 8],20ст); 408998(сем[7, 8],22ст); 432663(сем[5, 6],18ст); 465976(сем[5, 6],23ст); 505260(сем[5, 6],24ст); 597442(сем[7, 8],15ст); 626488(сем[1, 2],45ст); 649613(сем[5, 6],24ст); 705999(сем[5, 6],16ст); 855809(сем[3, 4],23ст); 886238(сем[1, 2],39ст); 970411(сем[3, 4],31ст); 984844(сем[1, 2],28ст)"
15,45.03.02 Лингвистика (перевод),Бакалавриат,8,343,47,"[155394, 229999, 402984, 552991, 770886, 813896, 891992, 944085]","155394(сем[5, 6],69ст); 229999(сем[1, 2],73ст); 402984(сем[7, 8],44ст); 552991(сем[3, 4],72ст); 770886(сем[5, 6],64ст); 813896(сем[3, 4],65ст); 891992(сем[7, 8],59ст); 944085(сем[1, 2],86ст)"
9,38.05.01 Экономическая безопасность (спец.),Специалитет,10,318,68,"[160940, 200632, 359233, 394472, 635382, 695734, 785449, 795263, 838867, 866561]","160940(сем[7, 8],54ст); 200632(сем[1, 2],68ст); 359233(сем[9, 10],56ст); 394472(сем[3, 4],41ст); 635382(сем[5, 6],36ст); 695734(сем[5, 6],56ст); 785449(сем[1, 2],29ст); 795263(сем[9, 10],68ст); 838867(сем[7, 8],55ст); 866561(сем[3, 4],28ст)"
2,03.03.02 Физика / Радиофизика,Бакалавриат,23,275,127,"[107454, 109146, 151502, 246312, 301418, 365116, 369407, 384649, 403443, 407883, 462013, 469382, 481679, 510406, 510458, 696107, 708273, 756047, 835040, 916867, 947168, 975516, 977009]","107454(сем[5, 6],16ст); 109146(сем[3, 4],25ст); 151502(сем[3, 4],25ст); 246312(сем[3, 4],22ст); 301418(сем[5, 6],15ст); 365116(сем[1, 2],26ст); 369407(сем[1, 2],16ст); 384649(сем[5, 6],10ст); 403443(сем[1, 2],22ст); 407883(сем[1, 2],32ст); 462013(сем[7, 8],16ст); 469382(сем[5, 6],16ст); 481679(сем[7, 8],16ст); 510406(сем[7, 8],8ст); 510458(сем[7, 8],15ст); 696107(сем[3, 4],10ст); 708273(сем[7, 8],16ст); 756047(сем[1, 2],37ст); 835040(сем[5, 6],10ст); 916867(сем[1, 2],12ст); 947168(сем[3, 4],13ст); 975516(сем[3, 4],19ст); 977009(сем[5, 6],21ст)"
4,41.03.04 Политология,Бакалавриат,21,267,75,"[184686, 189248, 226672, 305874, 310615, 354151, 436553, 490326, 512292, 513317, 520661, 549668, 570145, 611529, 642038, 667858, 685999, 723813, 884184, 891801, 906797]","184686(сем[3, 4],30ст); 189248(сем[5, 6],13ст); 226672(сем[1, 2],22ст); 305874(сем[5, 6],10ст); 310615(сем[7, 8],10ст); 354151(сем[1, 2],43ст); 436553(сем[5, 6],15ст); 490326(сем[5, 6],15ст); 512292(сем[3, 4],16ст); 513317(сем[7, 8],14ст); 520661(сем[3, 4],17ст); 549668(сем[3, 4],17ст); 570145(сем[3, 4],16ст); 611529(сем[7, 8],20ст); 642038(сем[3, 4],17ст); 667858(сем[1, 2],25ст); 685999(сем[1, 2],38ст); 723813(сем[1, 2],21ст); 884184(сем[5, 6],15ст); 891801(сем[1, 2],21ст); 906797(сем[5, 6],20ст)"
8,40.03.01 Юриспруденция,Специалитет,10,212,85,"[240842, 335398, 349486, 373177, 401717, 519940, 606792, 751787, 923124, 976880]","240842(сем[3, 4],20ст); 335398(сем[1, 2],21ст); 349486(сем[9, 10],49ст); 373177(сем[1, 2],26ст); 401717(сем[5, 6],25ст); 519940(сем[3, 4],27ст); 606792(сем[7, 8],50ст); 751787(сем[9, 10],50ст); 923124(сем[5, 6],40ст); 976880(сем[7, 8],39ст)"
5,10.05.01 Компьютерная безопасность (спец.),Специалитет,13,183,98,"[123279, 145897, 218962, 353422, 537884, 544153, 544662, 553150, 568222, 622180, 656328, 751263, 870377]","123279(сем[7, 8],22ст); 145897(сем[1, 2],30ст); 218962(сем[9, 10],22ст); 353422(сем[1, 2],24ст); 537884(сем[9, 10],22ст); 544153(сем[7, 8],22ст); 544662(сем[3, 4],30ст); 553150(сем[5, 6],23ст); 568222(сем[1, 2],20ст); 622180(сем[3, 4],20ст); 656328(сем[5, 6],30ст); 751263(сем[3, 4],8ст); 870377(сем[1, 2],11ст)"
6,38.03.01 Экономика,Бакалавриат,12,162,60,"[398300, 428774, 444125, 450401, 514957, 552193, 583191, 636320, 686387, 783065, 852336, 862144]","398300(сем[7, 8],24ст); 428774(сем[1, 2],12ст); 444125(сем[3, 4],18ст); 450401(сем[3, 4],41ст); 514957(сем[1, 2],25ст); 552193(сем[3, 4],38ст); 583191(сем[7, 8],30ст); 636320(сем[5, 6],29ст); 686387(сем[1, 2],22ст); 783065(сем[5, 6],19ст); 852336(сем[5, 6],28ст); 862144(сем[3, 4],28ст)"
16,10.05.01 Компьютерная безопасность (спец.),Бакалавриат,8,151,86,"[238333, 288759, 611184, 638489, 651318, 699311, 701761, 759567]","238333(сем[1, 2],33ст); 288759(сем[7, 8],19ст); 611184(сем[7, 8],18ст); 638489(сем[5, 6],19ст); 651318(сем[3, 4],35ст); 699311(сем[5, 6],30ст); 701761(сем[1, 2],46ст); 759567(сем[3, 4],33ст)"
22,43.03.02 Туризм,Бакалавриат,8,145,52,"[135053, 238173, 351903, 816133, 890615, 967021, 975259, 982000]","135053(сем[1, 2],34ст); 238173(сем[3, 4],28ст); 351903(сем[7, 8],26ст); 816133(сем[3, 4],28ст); 890615(сем[5, 6],23ст); 967021(сем[1, 2],34ст); 975259(сем[5, 6],22ст); 982000(сем[7, 8],20ст)"
26,42.03.02 Журналистика,Бакалавриат,7,144,102,"[163749, 579682, 651441, 721956, 860556, 930417, 998383]","163749(сем[1, 2],44ст); 579682(сем[3, 4],37ст); 651441(сем[3, 4],27ст); 721956(сем[5, 6],29ст); 860556(сем[1, 2],42ст); 930417(сем[5, 6],22ст); 998383(сем[7, 8],31ст)"
37,40.05.01 Правовое обесп. нац. безопасности (спец.),Специалитет,2,138,19,"[157763, 995427]","157763(сем[1, 2],108ст); 995427(сем[1, 2],30ст)"
17,38.03.04 ГМУ,Бакалавриат,8,131,76,"[167484, 285323, 361050, 387592, 412280, 417859, 664720, 902207]","167484(сем[3, 4],30ст); 285323(сем[3, 4],23ст); 361050(сем[7, 8],24ст); 387592(сем[1, 2],32ст); 412280(сем[7, 8],21ст); 417859(сем[5, 6],21ст); 664720(сем[1, 2],23ст); 902207(сем[5, 6],27ст)"
7,45.03.01 Филология,Бакалавриат,11,119,106,"[321324, 391053, 404329, 408698, 650750, 725169, 842862, 928704, 967901, 975582, 995050]","321324(сем[3, 4],16ст); 391053(сем[5, 6],14ст); 404329(сем[1, 2],25ст); 408698(сем[7, 8],21ст); 650750(сем[1, 2],8ст); 725169(сем[3, 4],7ст); 842862(сем[3, 4],23ст); 928704(сем[7, 8],14ст); 967901(сем[5, 6],22ст); 975582(сем[1, 2],23ст); 995050(сем[1, 2],9ст)"
25,02.03.02 ФИИТ / 09.03.01 Информатика,Бакалавриат,7,118,56,"[127840, 299956, 438581, 584997, 611215, 670653, 684098]","127840(сем[7, 8],23ст); 299956(сем[3, 4],37ст); 438581(сем[1, 2],37ст); 584997(сем[5, 6],24ст); 611215(сем[1, 2],26ст); 670653(сем[3, 4],27ст); 684098(сем[5, 6],23ст)"
21,06.03.01 Биология,Бакалавриат,8,118,74,"[110389, 205118, 250986, 401173, 503096, 732144, 818176, 938960]","110389(сем[5, 6],19ст); 205118(сем[1, 2],23ст); 250986(сем[3, 4],20ст); 401173(сем[5, 6],15ст); 503096(сем[1, 2],40ст); 732144(сем[3, 4],19ст); 818176(сем[7, 8],13ст); 938960(сем[7, 8],21ст)"
13,28.03.01 Нанотехнологии,Бакалавриат,8,117,88,"[371947, 471155, 525401, 606823, 750066, 796693, 834846, 936382]","371947(сем[7, 8],24ст); 471155(сем[1, 2],26ст); 525401(сем[5, 6],25ст); 606823(сем[3, 4],27ст); 750066(сем[5, 6],18ст); 796693(сем[1, 2],25ст); 834846(сем[3, 4],24ст); 936382(сем[7, 8],15ст)"
14,46.03.01 История,Бакалавриат,8,105,63,"[439855, 548782, 553908, 615034, 689444, 731161, 862310, 889907]","439855(сем[1, 2],19ст); 548782(сем[3, 4],25ст); 553908(сем[1, 2],24ст); 615034(сем[7, 8],21ст); 689444(сем[3, 4],17ст); 731161(сем[5, 6],25ст); 862310(сем[5, 6],16ст); 889907(сем[7, 8],17ст)"
23,11.03.02 Инфокоммуникации,Бакалавриат,8,103,72,"[253922, 271849, 431968, 451663, 752046, 759764, 816055, 838709]","253922(сем[7, 8],13ст); 271849(сем[1, 2],25ст); 431968(сем[5, 6],15ст); 451663(сем[3, 4],24ст); 752046(сем[3, 4],24ст); 759764(сем[1, 2],24ст); 816055(сем[7, 8],15ст); 838709(сем[5, 6],25ст)"
20,Неизвестное (Техногенные системы и экологический риск...),Бакалавриат,8,100,88,"[109638, 127342, 283056, 504007, 543915, 731921, 788780, 926994]","109638(сем[5, 6],14ст); 127342(сем[7, 8],24ст); 283056(сем[1, 2],15ст); 504007(сем[7, 8],14ст); 543915(сем[5, 6],25ст); 731921(сем[1, 2],21ст); 788780(сем[3, 4],26ст); 926994(сем[3, 4],20ст)"
19,Неизвестное (Информатика и алгоритмические языки...),Бакалавриат,8,99,66,"[244663, 281566, 385539, 609659, 720044, 800218, 903344, 956310]","244663(сем[5, 6],10ст); 281566(сем[3, 4],24ст); 385539(сем[7, 8],10ст); 609659(сем[3, 4],18ст); 720044(сем[1, 2],19ст); 800218(сем[7, 8],23ст); 903344(сем[5, 6],23ст); 956310(сем[1, 2],23ст)"
11,45.03.02 Лингвистика (прикладная),Бакалавриат,8,87,57,"[382781, 733219, 788052, 799045, 819600, 886785, 985476, 986371]","382781(сем[5, 6],16ст); 733219(сем[7, 8],11ст); 788052(сем[1, 2],22ст); 799045(сем[7, 8],18ст); 819600(сем[3, 4],16ст); 886785(сем[1, 2],20ст); 985476(сем[3, 4],19ст); 986371(сем[5, 6],11ст)"
10,06.05.01 Биоинженерия (спец.),Специалитет,9,73,65,"[353473, 397339, 398547, 659887, 669634, 716994, 736876, 790979, 808324]","353473(сем[1, 2],24ст); 397339(сем[5, 6],14ст); 398547(сем[3, 4],15ст); 659887(сем[1, 2],17ст); 669634(сем[3, 4],14ст); 716994(сем[4],14ст); 736876(сем[5, 6],18ст); 790979(сем[3],14ст); 808324(сем[7, 8],17ст)"
18,05.03.03 Картография и геоинформатика,Бакалавриат,8,71,80,"[484783, 502412, 520642, 616534, 683793, 800589, 838350, 990443]","484783(сем[3, 4],10ст); 502412(сем[1, 2],15ст); 520642(сем[5, 6],10ст); 616534(сем[5, 6],10ст); 683793(сем[7, 8],10ст); 800589(сем[3, 4],16ст); 838350(сем[1, 2],17ст); 990443(сем[7, 8],17ст)"
36,Неизвестное (Основы математической обработки информац...),Бакалавриат,3,69,37,"[179146, 777228, 936646]","179146(сем[1, 2],32ст); 777228(сем[3, 4],34ст); 936646(сем[1, 2],34ст)"
28,42.03.01 Реклама и СО,Бакалавриат,5,65,48,"[104137, 219410, 538019, 758116, 858250]","104137(сем[3, 4],29ст); 219410(сем[7, 8],17ст); 538019(сем[7, 8],17ст); 758116(сем[5, 6],27ст); 858250(сем[5, 6],18ст)"
24,37.03.01 Психология,Бакалавриат,7,60,45,"[167348, 275522, 372765, 514916, 534485, 697169, 974892]","167348(сем[7, 8],16ст); 275522(сем[5, 6],16ст); 372765(сем[3, 4],19ст); 514916(сем[1, 2],7ст); 534485(сем[5, 6],16ст); 697169(сем[1, 2],21ст); 974892(сем[3, 4],16ст)"
27,39.03.02 Социальная работа,Бакалавриат,6,49,59,"[532537, 632510, 659438, 667555, 678036, 854625]","532537(сем[3, 4],15ст); 632510(сем[5, 6],14ст); 659438(сем[3, 4],14ст); 667555(сем[7, 8],20ст); 678036(сем[5, 6],20ст); 854625(сем[1, 2],14ст)"
31,Неизвестное (ГИС в географии...),Бакалавриат,5,46,66,"[127825, 301625, 338324, 354641, 645031]","127825(сем[7, 8],12ст); 301625(сем[5, 6],15ст); 338324(сем[5, 6],13ст); 354641(сем[7, 8],18ст); 645031(сем[3, 4],13ст)"
32,38.03.02 Менеджмент,Бакалавриат,5,46,52,"[337564, 357653, 590443, 670829, 946082]","337564(сем[3, 4],16ст); 357653(сем[1, 2],12ст); 590443(сем[5, 6],17ст); 670829(сем[1, 2],17ст); 946082(сем[3, 4],17ст)"
30,05.03.01 Геология,Бакалавриат,5,45,60,"[375860, 446074, 485275, 989477, 994598]","375860(сем[3, 4],16ст); 446074(сем[3, 4],16ст); 485275(сем[1, 2],14ст); 989477(сем[5, 6],15ст); 994598(сем[1, 2],15ст)"
33,39.03.01 Социология,Бакалавриат,4,40,37,"[105847, 247953, 600255, 817229]","105847(сем[7, 8],22ст); 247953(сем[5, 6],12ст); 600255(сем[3, 4],14ст); 817229(сем[5, 6],26ст)"
54,Неизвестное (Политическая журналистика...),Бакалавриат,1,35,20,[839415],"839415(сем[7, 8],35ст)"
34,44.03.05 Педобразование (ин.яз.),Бакалавриат,3,34,38,"[194766, 358821, 908586]","194766(сем[1, 2],17ст); 358821(сем[1, 2],17ст); 908586(сем[3, 4],16ст)"
29,12.03.04 Биотехнические системы,Бакалавриат,5,32,51,"[261588, 656819, 796041, 854170, 958430]","261588(сем[1, 2],12ст); 656819(сем[1, 2],10ст); 796041(сем[3, 4],9ст); 854170(сем[5, 6],10ст); 958430(сем[3, 4],10ст)"
49,Неизвестное (Государственный экзамен...),Бакалавриат,1,32,12,[835109],"835109(сем[7, 8],32ст)"
43,Неизвестное (Основы математической обработки информац...),Специалитет,1,31,17,[473854],"473854(сем[1, 2],31ст)"
42,Неизвестное (Государственный экзамен...),Бакалавриат,1,31,20,[584335],"584335(сем[7, 8],31ст)"
40,Неизвестное (Комплексный практикум по социологии...),Бакалавриат,1,23,14,[281075],"281075(сем[1, 2],23ст)"
47,Неизвестное (Государственный экзамен...),Специалитет,1,23,10,[425259],"425259(сем[9, 10],23ст)"
45,Неизвестное (Основы международной безопасности...),Бакалавриат,1,22,15,[883840],"883840(сем[7, 8],22ст)"
44,20.03.01 Техносферная безопасность,Бакалавриат,1,21,16,[267335],"267335(сем[1, 2],21ст)"
50,Неизвестное (Логистика в сфере предпринимательства...),Бакалавриат,1,20,10,[353901],"353901(сем[7, 8],20ст)"
53,Неизвестное (Политическая регионалистика...),Бакалавриат,1,18,10,[358096],"358096(сем[7, 8],18ст)"
35,38.03.02 Менеджмент (антикриз.),Бакалавриат,3,17,32,"[216911, 246219, 663218]","216911(сем[5, 6],9ст); 246219(сем[7, 8],8ст); 663218(сем[7, 8],9ст)"
41,Неизвестное (Информационные системы в экономике...),Бакалавриат,1,17,13,[188941],"188941(сем[7, 8],17ст)"
39,Неизвестное (Государственный экзамен...),Бакалавриат,1,16,18,[784585],"784585(сем[7, 8],16ст)"
55,Неизвестное (Социально-политическая система стран Сев...),Бакалавриат,1,16,12,[786210],"786210(сем[7, 8],16ст)"
46,Неизвестное (Государственный экзамен...),Бакалавриат,1,16,9,[406771],"406771(сем[7, 8],16ст)"
48,Неизвестное (Государственный экзамен...),Бакалавриат,1,12,11,[951780],"951780(сем[7, 8],12ст)"
38,Неизвестное (Организация работы с различными категори...),Бакалавриат,2,8,23,"[196440, 292509]","196440(сем[3, 4],8ст); 292509(сем[5, 6],8ст)"
51,38.03.06 Торговое дело,Бакалавриат,1,8,13,[777839],"777839(сем[7, 8],8ст)"
52,Неизвестное (Комплексный практикум по социологии...),Бакалавриат,1,1,9,[595651],"595651(сем[1],1ст)"
